User,Degree,PageRank,Betweenness,Label,Prediction
214328887,0.1314596554850408,0.0008894277527336,5.650615218442374e-05,0,0
34428380,0.1559383499546691,0.0072637358709121,0.0003019711563998,1,1
17116707,0.1042611060743427,0.0012184772019391,0.001550565076767,0,0
28465635,0.1405258386219401,0.0019796122644462,0.0066254141984208,1,1
380580781,0.0906618313689936,0.0013334222898769,0.0001235404261848,0,0
18996905,0.114233907524932,0.0040881232696483,5.7748131705878486e-05,1,1
221036078,0.0888485947416137,0.0006818046596125,9.745227021651862e-05,0,0
153460275,0.0344514959202175,0.0007680493405117,0.0,0,0
107830991,0.1251133272892112,0.0013582171385205,0.000325411519361,0,0
17868918,0.1087941976427923,0.0050364618811181,5.72566423852117e-05,1,1
151338729,0.1586582048957389,0.0024351557310497,0.0003832118756436,1,1
222261763,0.1178603807796917,0.0010022301588734,0.0001488786898484,0,0
19705747,0.0471441523118767,0.0010894560063358,2.1653223623666974e-06,0,0
88323281,0.1550317316409791,0.0012440317710419,0.0023414934527311,0,0
19933035,0.0480507706255666,0.0003540224016785,1.7351582042821926e-05,0,0
149538028,0.1341795104261106,0.0015217327992161,0.0003749097990181,0,0
158419434,0.1504986400725294,0.0017586817731551,0.0010794850426656,0,0
17434613,0.0380779691749773,0.0009766540301932,0.0004329194690267,0,0
153226312,0.1795104261106074,0.0016003694713679,0.0018619504545388,0,0
364971269,0.0407978241160471,0.0003581031733876,5.088112777304062e-05,0,0
100581193,0.1396192203082502,0.0007664545548329,0.0002303061085326,0,0
279787626,0.14233907524932,0.0005633554104362,0.0014936557046009,0,0
113058991,0.0598368087035358,0.0004254405027135,6.60251733452913e-05,0,0
69592091,0.1350861287398005,0.0021226878489811,0.0015819157413204,1,1
187773078,0.1106074342701722,0.0014457156359415,0.0005732227020739,0,0
406628822,0.0942883046237534,0.0007216894125987,3.1119440313273186e-05,0,0
262802533,0.0616500453309156,0.000580098156669,3.003599785428904e-06,0,0
460282402,0.027198549410698,0.0003404752954632,6.086026298231377e-06,0,0
280935165,0.1233000906618313,0.0013121819293016,7.312147487368454e-05,0,0
437804658,0.056210335448776,0.0005198864732341,8.730738722979083e-06,0,0
27633075,0.1187669990933816,0.0056129279919527,0.0001079053657393,1,1
285312927,0.0689029918404351,0.0006598378088169,1.0769964046199456e-05,0,0
131613362,0.1115140525838622,0.001379040174041,0.0001379768892363,0,0
17675120,0.0471441523118767,0.001022171140082,0.0034110403583008,0,0
394263193,0.128739800543971,0.0007256713988666,0.0002910578464726,0,0
254839786,0.1550317316409791,0.0016373519880412,0.0012668146539793,0,0
204317520,0.1432456935630099,0.0014178213521434,0.0008967699602308,0,0
21548772,0.0371713508612873,0.0012745081320563,4.653543673507376e-07,0,0
67864340,0.1060743427017225,0.001064054594998,0.0002324420191819,0,0
172883064,0.1387126019945603,0.0011889836060141,0.0008608816107339,0,0
270449528,0.1650045330915684,0.0018769716019675,0.0013275087324568,1,1
297801196,0.0888485947416137,0.000864797369607,4.897419378775014e-05,0,0
8088112,0.1006346328195829,0.0051926212252539,1.2254034664137984e-05,1,1
14925700,0.0435176790571169,0.0030289037569277,8.037334716100596e-06,1,1
124528830,0.1341795104261106,0.0012206431334166,0.0001222861923839,0,0
307458983,0.1305530371713508,0.0014538872097932,0.0006343166594917,0,0
160237722,0.0924750679963735,0.0009364037649716,4.515490622927231e-05,0,0
220368467,0.085222121486854,0.0005618695578297,0.0007537869483349,0,0
54228724,0.0362647325475974,0.0014028097336896,0.0002252730643397,0,0
206923844,0.1223934723481414,0.0013536822290717,0.0002032628207532,0,0
103598216,0.1269265639165911,0.0016985538742982,8.3652056589401e-05,0,0
207594668,0.0072529465095194,0.0006614184270954,1.3611615245009076e-05,0,0
21146135,0.0317316409791477,0.001620373003667,0.0048804614421169,0,0
451250774,0.1097008159564823,0.0006581456890503,1.3809756652882016e-05,0,0
314316607,0.1350861287398005,0.0021968458003704,0.0001505115168277,1,1
6581292,0.0553037171350861,0.001986991404482,2.6124138814726283e-06,1,1
31331740,0.1087941976427923,0.005453652776959,9.25707557331048e-05,1,1
196327549,0.0888485947416137,0.0009486843890469,7.3949734976054e-05,0,0
225444667,0.0906618313689936,0.0012654782440248,5.5864276678516624e-05,0,0
274153775,0.1577515865820489,0.0013524812943548,0.0006772110266408,0,0
35415466,0.0589301903898458,0.0004621728919664,7.706944258419675e-06,0,0
72818790,0.1151405258386219,0.0013094385830055,0.0002591495888883,0,0
324201646,0.0081595648232094,0.0002038279997255,0.0,0,0
40981798,0.199456029011786,0.0096250922911084,0.007150975153452,1,1
430268163,0.1087941976427923,0.0011044965354097,9.127913430876916e-05,0,0
88097807,0.0734360834088848,0.0004282440002553,1.610070297230679e-05,0,0
276308596,0.1242067089755213,0.0010656520769,0.0001347230464918,0,0
358775055,0.14233907524932,0.0008134673065503,0.0001951917978004,0,0
15023872,0.0407978241160471,0.001241815761493,2.564223099559123e-05,0,0
16870853,0.013599274705349,0.0006763625183389,1.8740214026501647e-05,0,0
70492333,0.0689029918404351,0.001051829713793,0.0206032835394616,0,0
430313102,0.0652765185856754,0.0011386526128093,1.7219690094464777e-05,0,0
299715516,0.0335448776065276,0.0005905008299042,0.0005620042236762,0,0
35359596,0.0190389845874886,0.0006482290717861,5.359351458486719e-05,0,0
276577539,0.0879419764279238,0.00079310474485,0.0001134813784502,0,0
248883350,0.1106074342701722,0.0009608194648069,0.0001000021303691,0,0
157829215,0.1514052583862194,0.0014070098580547,0.0005371179402576,0,0
107511013,0.0172257479601087,0.0002151916911558,2.326771836753688e-07,0,0
22462180,0.1550317316409791,0.0072650256770438,0.0001104763486625,1,1
258140947,0.1115140525838622,0.0007415572604085,0.000621133057754,0,0
200559228,0.085222121486854,0.0010277250175459,0.0016651124817805,0,0
19493072,0.1359927470534905,0.0020421801665129,0.001168502637464,1,1
123371682,0.1341795104261106,0.0015848341285082,0.0002634031327316,0,0
461410856,0.1577515865820489,0.001518026585281,0.0030314993578763,0,0
31414569,0.0806890299184043,0.0005264792701748,0.0028686326889119,0,0
37699718,0.0580235720761559,0.0020645159887616,8.222185073041096e-05,1,1
117901353,0.0489573889392565,0.0003748589847728,2.1096010645648043e-06,0,0
117674417,0.0961015412511332,0.004342583607013,9.541898918222016e-06,1,1
231238695,0.0652765185856754,0.0005040133394439,7.000479061208475e-06,0,0
56860418,0.1532184950135992,0.0017346744047188,0.0004656619841283,0,0
43003845,0.1967361740707162,0.0085392989623931,0.004086213619126,1,1
413275344,0.0208522212148685,0.0002176549256035,8.917800865871882e-05,0,0
259842341,0.1604714415231187,0.0018258924625321,0.0006673650241268,1,1
400689940,0.0689029918404351,0.0003720466477061,6.875879254615169e-06,0,0
26929220,0.1523118766999093,0.0014949209688514,0.0022767071110802,0,0
35148062,0.0244786944696282,0.0003037846443401,0.0002257875082253,0,0
166214735,0.0607434270172257,0.0004560568142815,6.005181682778003e-05,0,0
57490887,0.1097008159564823,0.0005590642498848,0.0001743211820273,0,0
148519842,0.0353581142339075,0.000653569561595,0.0005269760172289,0,0
15150609,0.0444242973708068,0.0013554715685375,0.000717054376699,0,0
17759158,0.0598368087035358,0.0047898568544346,5.112846651370968e-05,1,1
83943787,0.1613780598368087,0.0020469923195106,0.0005965490648462,1,1
283306479,0.056210335448776,0.0003789775511806,8.573814289545912e-05,0,0
125120339,0.0643699002719855,0.0004788772839433,0.0001063993616826,0,0
220068522,0.0453309156844968,0.0002749620571729,0.0003318493289768,0,0
155661154,0.0498640072529465,0.0004333993290807,0.0002480996422332,0,0
195475105,0.1514052583862194,0.0019262593321096,0.0013146867013634,1,1
134940306,0.1514052583862194,0.0009608047055053,0.0003049805218488,0,0
115221382,0.0335448776065276,0.0003278083537952,1.4995599098065178e-06,0,0
368018677,0.0036264732547597,0.0002461184015655,0.0,0,0
439788025,0.1341795104261106,0.0012957157017474,0.0003529309626666,0,0
262340283,0.0507706255666364,0.0004631007566067,1.6568967652926907e-05,0,0
116498875,0.0589301903898458,0.000611168673968,7.867034688396504e-05,0,0
257236842,0.0843155031731641,0.0009015716446477,3.262663645345522e-05,0,0
128721580,0.0027198549410698,0.0001781605954855,0.0,0,0
463952369,0.1296464188576609,0.0006081904874092,2.3956013018533218e-05,0,0
254610699,0.0145058930190389,0.0005594975704051,1.649892756970797e-06,0,0
247741328,0.0344514959202175,0.0011002622998553,0.0014338818213951,0,0
226629405,0.0834088848594741,0.0007874990431328,0.0007322563162163,0,0
529007327,0.0634632819582955,0.0004871258327947,4.155351057257263e-06,0,0
94621855,0.0362647325475974,0.0003799021554647,7.269370075866362e-06,0,0
83417972,0.0761559383499546,0.000582369572678,0.0014798095943375,0,0
236184723,0.1169537624660018,0.0005564979729643,0.0001843698903415,0,0
197504076,0.0979147778785131,0.0005099334574851,0.0002392730657344,0,0
86221475,0.0951949229374433,0.0010683645367652,0.0001750334309781,0,0
222411742,0.0407978241160471,0.0003754310843518,5.668562642244518e-06,0,0
250178329,0.0480507706255666,0.0004344976138687,2.7727476932950324e-06,0,0
292598082,0.0580235720761559,0.0005541617543307,3.349443758484117e-06,0,0
145845459,0.0806890299184043,0.0010334503193055,0.0001119487705136,0,0
29911100,0.0643699002719855,0.0005630371958473,9.257583574793756e-05,0,0
294752666,0.0616500453309156,0.000514195917854,0.0002690225024466,0,0
27077521,0.0389845874886672,0.0008472473244296,0.0001700182337225,0,0
163238842,0.041704442429737,0.0004229827138803,7.214486659460032e-06,0,0
133055665,0.0961015412511332,0.0053106369344472,5.85396936306447e-05,1,1
238201669,0.0616500453309156,0.0006265191126035,1.1777370950465682e-05,0,0
260769396,0.027198549410698,0.0002174166147381,1.1710522781465923e-05,0,0
288485704,0.0725294650951949,0.0004195753698985,4.433452988968668e-05,0,0
229425177,0.0897552130553037,0.0008264295695479,2.692713969296034e-06,0,0
252770012,0.0761559383499546,0.0006470828927873,2.8193999141675712e-05,0,0
121533789,0.0825022665457842,0.001991980850085,0.0,1,1
203338499,0.0825022665457842,0.0004199474641035,0.0003985323813189,0,0
213777144,0.0471441523118767,0.0003404594524388,4.41037126296787e-05,0,0
46209291,0.114233907524932,0.0012008066420027,0.0004276167476698,0,0
46831674,0.028105167724388,0.0008014480139,0.0004380218407638,0,0
18951737,0.0507706255666364,0.001330906145414,2.7359113504434677e-06,0,0
239144776,0.0444242973708068,0.0003162837995829,9.614064937218666e-05,0,0
8163442,0.0498640072529465,0.0016969042876031,0.0024116936304363,0,0
28019653,0.0145058930190389,0.0005769163280128,3.1697837323971625e-05,0,0
447688115,0.0734360834088848,0.0004653281309914,9.33559736348774e-06,0,0
16503181,0.0126926563916591,0.0005471794468827,4.630746806864535e-06,0,0
109740608,0.0543970988213961,0.0002751590014675,2.1229596455725623e-05,0,0
116036694,0.1468721668177697,0.0026723246916366,0.0020454282782399,1,1
179138862,0.0208522212148685,0.0002546659495503,5.185377236193933e-07,0,0
276706356,0.1559383499546691,0.001527632237972,0.0028516625380564,0,0
236143101,0.0525838621940163,0.0003856906871693,6.335127345725957e-05,0,0
333161611,0.0181323662737987,0.000273230350856,6.88552237891424e-06,0,0
19358562,0.1160471441523118,0.0021046376479438,0.0001523672843241,1,1
226165839,0.0154125113327289,0.0007244986954809,0.000176729318009,0,0
33612973,0.0262919310970081,0.0015047811080843,0.0009530967589412,0,0
37270037,0.027198549410698,0.0003707669224049,2.7453626836679323e-05,0,0
49104918,0.0226654578422484,0.0003320929311042,0.0037746077241455,0,0
83032174,0.0117860380779691,0.000200788004087,0.0,0,0
55033682,0.0244786944696282,0.0013972780263073,9.553444817817476e-05,0,0
170460311,0.0335448776065276,0.0014142979358657,9.552010698251985e-07,0,0
152388029,0.0462375339981867,0.0004518919199967,2.8574023064418727e-05,0,0
112939321,0.0979147778785131,0.0008085348329431,8.592758216608054e-05,0,0
265077741,0.0580235720761559,0.0004478459514139,9.448154726503104e-06,0,0
261447035,0.028105167724388,0.0015547573547411,0.0,0,0
120599128,0.0145058930190389,0.000853226698133,0.000566666510245,0,0
186212304,0.0471441523118767,0.0007129926964411,0.0037987155247954,0,0
57828817,0.0181323662737987,0.0006787374649096,0.0001600834547457,0,0
250340951,0.0489573889392565,0.0004775035316905,1.5325506097915775e-06,0,0
59588845,0.0317316409791477,0.0003055014671806,6.602852701285965e-05,0,0
2367911,0.0933816863100634,0.0035401039436497,0.0007598647995636,1,1
74107696,0.0743427017225747,0.0003241995805738,4.376247003179695e-06,0,0
477094958,0.0108794197642792,0.0003077361958303,1.3718535950840852e-05,0,0
233248636,0.0543970988213961,0.0003946773918571,7.25116010761965e-05,0,0
86799233,0.0081595648232094,0.000217649790371,1.8148820326678768e-06,0,0
17627996,0.0099728014505893,0.0021946327141168,6.049606775559589e-07,1,1
30971165,0.042611060743427,0.0004421770629108,0.0017297949294135,0,0
271602109,0.013599274705349,0.0002882239580918,0.0004059419531875,0,0
81446304,0.0090661831368993,0.0001792402856981,0.0,0,0
282206645,0.0398912058023572,0.0003785493415485,3.246235334433184e-07,0,0
31317273,0.0072529465095194,0.0003706378558531,4.701048598507763e-06,0,0
204140367,0.1323662737987307,0.001693494947297,0.0002491984378526,0,0
189875309,0.0335448776065276,0.0003781109024699,2.005408646174041e-05,0,0
170167167,0.0117860380779691,0.000693509042895,1.9383280325951407e-05,0,0
45333725,0.0145058930190389,0.0002785476269713,5.0394616740540114e-05,0,0
222090651,0.0199456029011786,0.000564744533548,0.0001058652223281,0,0
93224416,0.0117860380779691,0.0002590874142767,6.709646917831368e-05,0,0
355823615,0.0308250226654578,0.0004460414393095,6.5127869337799865e-06,0,0
309782398,0.0063463281958295,0.000178631930111,0.0,0,0
253091523,0.0235720761559383,0.0004494578964561,0.0005249619467761,0,0
349413327,0.0172257479601087,0.0002046400451523,0.0001006027570124,0,0
375317198,0.0643699002719855,0.0003886264439663,3.667844851028757e-07,0,0
31246395,0.0126926563916591,0.0001832291350717,0.0,0,0
200884513,0.0081595648232094,0.0002402137546971,0.0,0,0
312284236,0.0235720761559383,0.0002098527523766,6.049606775559589e-07,0,0
260705759,0.0145058930190389,0.0004841312040846,0.0001555125643917,0,0
43640117,0.0208522212148685,0.0003213880057998,0.0001061033667369,0,0
236026868,0.0362647325475974,0.0002468626745447,0.0002559247418023,0,0
95260836,0.0253853127833182,0.0011554448548147,3.153229949889784e-05,0,0
63941463,0.0126926563916591,0.000264509139678,0.0,0,0
83155222,0.0154125113327289,0.0005123825059696,0.0002111888119714,0,0
451493376,0.0063463281958295,0.0002503837508234,6.38593255688908e-07,0,0
73738774,0.0190389845874886,0.0004130542528865,0.0011503271773372,0,0
100052945,0.0090661831368993,0.0003598297919556,3.848196318536075e-05,0,0
21272026,0.0172257479601087,0.0007699250216028,0.0005345918018209,0,0
33806113,0.0063463281958295,0.000206987606272,0.0,0,0
9695312,0.0108794197642792,0.0007617612614654,0.0001580175769854,0,0
272173354,0.0072529465095194,0.0003008866003042,0.0001325711080038,0,0
41472982,0.0163191296464188,0.0003526587271917,0.0001691659527899,0,0
287915525,0.0099728014505893,0.0002630123908067,0.0007657709824607,0,0
105259389,0.0072529465095194,0.000260036663995,1.2200040330711837e-05,0,0
31457243,0.0108794197642792,0.0005522206330151,2.557333773304736e-06,0,0
102765423,0.0081595648232094,0.000502607153844,6.605281342196628e-05,0,0
273149543,0.0190389845874886,0.0003967664157217,0.0,0,0
53222305,0.0090661831368993,0.0002529661848885,0.0,0,0
215787132,0.0063463281958295,0.0002178815057444,0.0,0,0
375228586,0.0027198549410698,0.0001817584561184,0.0,0,0
72680406,0.028105167724388,0.0010596825862245,0.0002224151062084,0,0
11259362,0.0398912058023572,0.0009936350514452,0.0001344818479166,0,0
16216637,0.0262919310970081,0.0004926824493982,3.958932468073276e-05,0,0
767809,0.0072529465095194,0.0004751641833389,0.0,0,0
30690708,0.0090661831368993,0.0002565671775285,0.0,0,0
5992502,0.028105167724388,0.0014343811068069,0.0004010028314383,0,0
17859804,0.0353581142339075,0.0013345666440728,3.272315104848983e-05,0,0
83876527,0.0498640072529465,0.0021980043397328,0.0004854360988812,1,1
19681661,0.0299184043517679,0.0009745989099071,0.0001533676385414,0,0
15465769,0.0181323662737987,0.0007632027712417,6.119340804939182e-06,0,0
22689667,0.0290117860380779,0.0013985880419248,2.503957389772112e-05,0,0
195409031,0.0190389845874886,0.0011029308857343,3.0271104854197003e-05,0,0
57261575,0.0181323662737987,0.0011395106087204,4.623628035606257e-06,0,0
4126501,0.0262919310970081,0.000678329103724,3.299785513941594e-06,0,0
22558481,0.0090661831368993,0.000263561133838,0.0,0,0
18109441,0.0335448776065276,0.0009302262416587,3.0709899864912145e-05,0,0
60607157,0.0036264732547597,0.000248965863622,5.671506352087115e-07,0,0
25615305,0.0344514959202175,0.0009833149657842,4.053406600188248e-05,0,0
16877939,0.0190389845874886,0.0010592140633987,1.910402139650397e-06,0,0
21734241,0.0190389845874886,0.0010445185261695,5.269344992575483e-05,0,0
46073276,0.0462375339981867,0.0020710167522199,0.0005855240204717,1,1
166002579,0.0018132366273798,0.0002249541019408,0.0,0,0
6463042,0.0299184043517679,0.0011335810656623,1.663641863278887e-05,0,0
96770886,0.0190389845874886,0.0008002663829244,4.69671842019924e-05,0,0
7712232,0.0126926563916591,0.0006316477131195,9.552010698251985e-07,0,0
99211591,0.0226654578422484,0.0010120361967702,3.561206828399322e-05,0,0
23930272,0.0163191296464188,0.0008702484964919,3.402903811252269e-06,0,0
37977732,0.0290117860380779,0.0016183941409553,1.4666336592171617e-05,0,0
16858804,0.0126926563916591,0.0008240790783607,9.552010698251985e-07,0,0
44436825,0.0362647325475974,0.0011873581767815,0.0001192103879208,0,0
28359405,0.0172257479601087,0.0010204770602653,9.791309217932436e-05,0,0
9973842,0.057116953762466,0.002776782395493,0.0013109032998973,1,1
451331227,0.0154125113327289,0.0005949567821128,6.049606775559589e-06,0,0
55113,0.0262919310970081,0.0009699423804352,1.877157396533931e-05,0,0
124746917,0.0199456029011786,0.0011826285454988,1.851920441497833e-05,0,0
41048052,0.013599274705349,0.000419479137798,1.0241680230718264e-05,0,0
14677919,0.0308250226654578,0.003071643487141,4.143980641258318e-05,1,1
203827751,0.0308250226654578,0.0016474729815673,0.0003832696047383,0,0
10075442,0.0290117860380779,0.0014659667312183,0.0004594191562192,0,0
17342842,0.0335448776065276,0.0011759529058592,7.367437458797289e-05,0,0
17477343,0.0099728014505893,0.0003560780247098,6.616757410768301e-06,0,0
56318573,0.0190389845874886,0.0008447719824587,5.56838805477644e-06,0,0
111615736,0.0154125113327289,0.0009474072630452,5.845587778729867e-06,0,0
83529586,0.0045330915684496,0.0004164827839107,0.0,0,0
9503302,0.0190389845874886,0.0011672265236789,2.8861140319929987e-06,0,0
5533902,0.0154125113327289,0.0008726831226888,1.373223697919598e-05,0,0
14551276,0.0362647325475974,0.0018177478032506,1.85812163243966e-05,1,1
17870886,0.0398912058023572,0.0014400955960942,4.9284506579189686e-05,0,0
98976495,0.0081595648232094,0.0007706585716422,0.0,0,0
22200888,0.0435176790571169,0.0014306135704404,6.905837998374457e-05,0,0
88974843,0.0072529465095194,0.0004079029153216,0.0,0,0
16967011,0.0099728014505893,0.0003855935834155,0.0,0,0
171145913,0.0163191296464188,0.000244128897368,2.595999842385724e-06,0,0
163937752,0.0199456029011786,0.0003592400144542,3.1291069528756496e-06,0,0
21742517,0.0190389845874886,0.0010268584291069,2.937225644372525e-05,0,0
113415132,0.0108794197642792,0.0006488789519765,0.0,0,0
79797834,0.0326382592928377,0.002561228395503,0.0001796434462699,1,1
18758940,0.0145058930190389,0.0007710782074449,1.2112672075647676e-06,0,0
138549366,0.0208522212148685,0.000953642000605,0.0001093511998999,0,0
19230869,0.0072529465095194,0.0002612945111582,0.0,0,0
84111527,0.0090661831368993,0.0002405170413443,0.0,0,0
50944856,0.0217588395285584,0.0012605547174812,5.91758916834472e-05,0,0
117998529,0.0217588395285584,0.000460424160777,0.0003323933295462,0,0
23150071,0.0190389845874886,0.0005874743879701,5.781277442772672e-06,0,0
14169740,0.0344514959202175,0.0012266754353703,0.0001901543948936,0,0
38718720,0.0172257479601087,0.00082508522909,1.3113986300567884e-06,0,0
93906304,0.0099728014505893,0.0007698314555768,0.0,0,0
6127252,0.0099728014505893,0.0005428712384464,0.0,0,0
20757640,0.0235720761559383,0.0009440221816264,2.3803822337094628e-05,0,0
17902348,0.0290117860380779,0.0007623829771481,2.953384938375107e-05,0,0
59557446,0.0108794197642792,0.0018242615224621,1.8148820326678768e-06,1,1
27703441,0.0099728014505893,0.000469162523602,6.049606775559589e-07,0,0
23484510,0.0081595648232094,0.0015464658233334,0.0,0,0
792998,0.0099728014505893,0.0005244519142646,0.0,0,0
18344173,0.0027198549410698,0.0002026406086197,0.0,0,0
20583098,0.0163191296464188,0.0007268823470987,8.211570466800192e-05,0,0
55019225,0.0054397098821396,0.0003982285719575,0.0,0,0
2705,0.013599274705349,0.0009628184813615,2.4803387779794315e-05,0,0
557196973,0.0018132366273798,0.0003279632615924,0.0,0,0
23483324,0.0154125113327289,0.0022755020281337,9.074410163339384e-07,1,1
21074641,0.0172257479601087,0.000380160716566,4.319688408240116e-05,0,0
52073562,0.0054397098821396,0.0004081824286425,0.0,0,0
30486243,0.0181323662737987,0.0008419977799338,2.4026546340990294e-05,0,0
174118650,0.0063463281958295,0.0003803722084946,0.0,0,0
25835874,0.0036264732547597,0.0002411431139563,3.6297640653357535e-05,0,0
17293897,0.0099728014505893,0.0018068867328949,0.0,1,1
349256925,0.0036264732547597,0.0002443592937662,0.0,0,0
258681133,0.0009066183136899,0.0001926652042787,0.0,0,0
454423088,0.0009066183136899,0.0002638990809193,0.0,0,0
22879382,0.0036264732547597,0.0005080217879197,0.0,0,0
155613846,0.0045330915684496,0.0003213788578063,0.0,0,0
35476618,0.0009066183136899,0.0002408032253424,0.0,0,0
137355085,0.0009066183136899,0.0001920378603029,0.0,0,0
30204310,0.0027198549410698,0.0004144948029335,0.0,0,0
291476217,0.0018132366273798,0.0002858373513639,0.0,0,0
236575672,0.0090661831368993,0.0006413696611098,0.0,0,0
82030021,0.0181323662737987,0.001227880661111,0.0001360091171249,0,0
17037417,0.0108794197642792,0.0007113421337551,9.852216748768476e-06,0,0
28149277,0.0154125113327289,0.0016786414380452,0.0,0,0
111164068,0.0335448776065276,0.0016130703025036,0.0007649676751363,0,0
29514951,0.0498640072529465,0.0034786017459134,0.0083405557655653,1,1
94918917,0.0099728014505893,0.0005915927334636,0.0,0,0
131601987,0.0290117860380779,0.0016997283766204,0.0007194202877557,0,0
159629146,0.0208522212148685,0.0008374180115231,7.28267021743391e-05,0,0
90722891,0.013599274705349,0.0006556725818717,0.0,0,0
90779436,0.0145058930190389,0.0007090639923061,0.0,0,0
22784458,0.027198549410698,0.0014991587839038,0.0006821908686703,0,0
191620115,0.0190389845874886,0.0011531708473705,0.0001520402270518,0,0
15999863,0.0163191296464188,0.0013364040589018,0.000306894104756,0,0
146556805,0.0126926563916591,0.0006897206931861,5.6815890300463815e-05,0,0
118811608,0.013599274705349,0.0009157984036398,0.0001330222317045,0,0
95980722,0.0199456029011786,0.0008829348103866,7.405726961080864e-05,0,0
104155395,0.0163191296464188,0.0006324278138767,0.0,0,0
51477206,0.0108794197642792,0.0005245581779445,0.0,0,0
101903164,0.0108794197642792,0.0010721138802243,9.852216748768476e-06,0,0
14683518,0.0217588395285584,0.0017589834698642,0.0011032734177812,0,0
34805698,0.0081595648232094,0.0005732094229098,0.0,0,0
176872879,0.0145058930190389,0.001472854886206,0.0002009230691698,0,0
28144741,0.0081595648232094,0.0009761040813125,1.166709878143635e-05,0,0
37876253,0.0054397098821396,0.0007275833775186,0.0,0,0
293353298,0.0126926563916591,0.0011223055369255,1.166709878143635e-05,0,0
239257866,0.0036264732547597,0.0002793608225248,0.0,0,0
14876672,0.0063463281958295,0.0006746898857536,0.0003629764065335,0,0
486930916,0.0036264732547597,0.0005930490894278,0.0,0,0
101859065,0.0190389845874886,0.0013945730623792,0.0026981322656883,0,0
263907906,0.0027198549410698,0.0001724610827786,0.0,0,0
23152989,0.0027198549410698,0.0003637799994225,0.0,0,0
345707398,0.0009066183136899,0.0001724610827786,0.0,0,0
203623462,0.0199456029011786,0.0009807859545041,0.0001198211830209,0,0
61065794,0.0553037171350861,0.0009722080772044,0.0002563079930255,0,0
301695120,0.0380779691749773,0.0008589513707428,0.0006367007600561,0,0
102364313,0.0299184043517679,0.0005072119822948,0.0020606849164643,0,0
211670208,0.0616500453309156,0.0010960642708256,0.0003998086710266,0,0
37008705,0.0489573889392565,0.0029215431859733,0.0007122867003979,1,1
112819301,0.0516772438803263,0.0008721424891782,5.1817594191144274e-05,0,0
352035443,0.0217588395285584,0.0003779028222313,0.0,0,0
250849104,0.0362647325475974,0.0005335691722811,3.3618360474669166e-05,0,0
19153742,0.0072529465095194,0.0004040618148603,8.01092601180789e-05,0,0
161788974,0.0262919310970081,0.0005236294986712,0.0001026375139047,0,0
147946019,0.027198549410698,0.0005079906783606,0.0010168281622107,0,0
54581743,0.0154125113327289,0.0003737295267898,0.0053620892967693,0,0
235163686,0.0108794197642792,0.0002545577992452,2.1994329340187063e-05,0,0
22440364,0.0444242973708068,0.0034901983849926,2.218189151038516e-06,1,1
54611487,0.0217588395285584,0.0005791299782958,0.0064503352684746,0,0
34507480,0.0489573889392565,0.0036201125428835,0.0004320125850719,1,1
243836182,0.0253853127833182,0.0006745915180577,4.1317373894506384e-05,0,0
164422299,0.0407978241160471,0.0006023438782129,0.0001642551667013,0,0
27772095,0.0444242973708068,0.003039997871601,4.532169608975152e-05,1,1
22592948,0.042611060743427,0.0032367494535815,2.218189151038516e-06,1,1
328158079,0.0253853127833182,0.0003291404990169,0.0005570656721221,0,0
143838260,0.0553037171350861,0.0007553112830638,0.0006710336875185,0,0
58309829,0.0380779691749773,0.0016497042045279,7.365321289471165e-05,0,0
135268094,0.0145058930190389,0.0003284393637457,0.0004876651331484,0,0
222802532,0.0072529465095194,0.0002266130386827,0.0,0,0
23375688,0.0290117860380779,0.0017570665392136,0.0,0,0
25970331,0.098821396192203,0.0049230961225323,0.0095016223275798,1,1
19383317,0.0290117860380779,0.0017462107254444,2.386947938141115e-05,0,0
230505689,0.0099728014505893,0.0003892818768949,0.0,0,0
100318079,0.0063463281958295,0.000470926940808,5.2441198176957214e-05,0,0
206416476,0.042611060743427,0.0009788833417249,0.0001762489967484,0,0
15460081,0.0543970988213961,0.0039525790008249,6.104006576259331e-05,1,1
20271494,0.0199456029011786,0.0015658369159348,0.0,0,0
169504184,0.0407978241160471,0.0006435185582494,0.000377588697648,0,0
16824090,0.0154125113327289,0.0011041425653197,0.0,0,0
115525090,0.0208522212148685,0.0003618387048895,0.0,0,0
29654458,0.0145058930190389,0.0006798123208407,4.1226639936412185e-05,0,0
26649453,0.0181323662737987,0.000895981522087,6.243051323245659e-06,0,0
14425825,0.0344514959202175,0.0029771337257544,0.0,1,1
421412483,0.0380779691749773,0.000498978672174,0.0005653422823009,0,0
243227325,0.0362647325475974,0.0006629436630383,0.0001352026503529,0,0
240944206,0.0163191296464188,0.000262781724526,0.0,0,0
63808966,0.042611060743427,0.0011728608174687,0.000234514556054,0,0
16895295,0.0126926563916591,0.000559136416026,0.0,0,0
243273954,0.0262919310970081,0.0004618409797789,1.2603347449082476e-05,0,0
226516599,0.042611060743427,0.0006087183774509,0.000235007468389,0,0
163274846,0.0081595648232094,0.0003064897587692,0.0003665418964754,0,0
111990504,0.0072529465095194,0.0002700427015707,0.0,0,0
408060505,0.0244786944696282,0.0005200157223577,0.0,0,0
309765553,0.0108794197642792,0.0002888599357561,0.0001079716185764,0,0
27090278,0.0108794197642792,0.0004622689907826,1.4284355797809596e-05,0,0
225488317,0.0190389845874886,0.0005672940255399,9.931437789876993e-06,0,0
148081553,0.0317316409791477,0.0006694790321079,0.0006272976915794,0,0
197090502,0.0235720761559383,0.0004193630751706,2.378216147095189e-05,0,0
69373005,0.0181323662737987,0.0004524795915994,0.0,0,0
48504743,0.0063463281958295,0.0003289760334674,1.2963443090484834e-06,0,0
302936475,0.0154125113327289,0.000415999484927,1.2140367338708018e-05,0,0
480595611,0.0235720761559383,0.0004111812603398,7.108287961282517e-06,0,0
40968863,0.0253853127833182,0.0005214014832125,0.0059384966642764,0,0
34270956,0.0081595648232094,0.0003918363988511,0.0018882139211367,0,0
2883841,0.0081595648232094,0.0008014584483739,0.0003836285206628,0,0
325054079,0.0099728014505893,0.0004739111394047,0.0,0,0
126470482,0.0018132366273798,0.0002158907456666,0.0,0,0
181288376,0.0389845874886672,0.000615682488965,0.0001284176121075,0,0
250988604,0.0054397098821396,0.0014750454782611,0.0002540834845735,0,0
171704225,0.0108794197642792,0.0003486340684141,0.0,0,0
158526208,0.0117860380779691,0.0004115467750723,5.496885324854958e-05,0,0
192023970,0.0235720761559383,0.0003284398413516,3.0248033877797946e-06,0,0
339373057,0.0126926563916591,0.0008672428875447,6.049606775559589e-06,0,0
193593048,0.0072529465095194,0.0002215248180593,0.0016821904104492,0,0
176222605,0.0018132366273798,0.0002722199339851,0.0,0,0
244719623,0.0081595648232094,0.0004301767388717,0.0,0,0
335678635,0.0018132366273798,0.0014204851534809,0.0,0,0
79817691,0.0072529465095194,0.0006172207074706,0.0,0,0
109698612,0.0027198549410698,0.0002144794072324,0.0,0,0
208105146,0.0063463281958295,0.0002734388793428,0.0003213469795335,0,0
25592034,0.0036264732547597,0.0002970226761559,0.0,0,0
333011515,0.0045330915684496,0.000579725212484,0.0002728810636358,0,0
258490941,0.0063463281958295,0.0002305806648874,6.726349496005674e-05,0,0
342221618,0.0018132366273798,0.0003367753438454,0.0,0,0
32032000,0.0961015412511332,0.0010464000498897,0.0003118297463479,0,0
19507713,0.0861287398005439,0.0012015496359687,0.0010363289174938,0,0
16583672,0.0344514959202175,0.00132499193461,6.688431648392731e-05,0,0
35918787,0.0344514959202175,0.0007880801018884,0.0007353162116857,0,0
20803125,0.0344514959202175,0.0004270175936457,4.272353340544077e-05,0,0
311776211,0.0226654578422484,0.0003688136301756,9.955177451875877e-06,0,0
16079941,0.041704442429737,0.0006058838164136,0.0024530157798027,0,0
7861312,0.1160471441523118,0.0049058026598064,0.0031771700044098,1,1
7860742,0.0625566636446056,0.0011828725156716,0.0003622964704286,0,0
9955652,0.0217588395285584,0.000285819738113,9.852216748768473e-06,0,0
462541005,0.0489573889392565,0.0007031572003812,0.0003070742276518,0,0
20747741,0.0825022665457842,0.001819709443419,0.0015884485773074,1,1
17047105,0.0725294650951949,0.0011090260086,0.0002937571239668,0,0
23559552,0.0407978241160471,0.0006102736755001,0.001783153924972,0,0
20106852,0.0389845874886672,0.0011415240184552,0.0001186313824107,0,0
51246108,0.0435176790571169,0.0004181009181979,2.1391918729976403e-05,0,0
20637608,0.0961015412511332,0.0009830507103897,0.0006973870030865,0,0
434725454,0.0154125113327289,0.0004899575681569,1.5414953933644728e-05,0,0
18927441,0.0498640072529465,0.0013735439913169,0.0003757958641678,0,0
18666844,0.0389845874886672,0.0005614932856564,9.021735373844571e-05,0,0
15666380,0.0716228467815049,0.0037376208246125,0.0017079388237526,1,1
365014160,0.0344514959202175,0.0003691273439679,2.6452069676677493e-05,0,0
21158690,0.0961015412511332,0.0029114508193947,0.0012679355829213,1,1
15271920,0.0453309156844968,0.0008339755733671,6.738292660685263e-05,0,0
16786977,0.0335448776065276,0.0015093173835306,0.0,0,0
373018050,0.042611060743427,0.0006825015473112,7.551893140354624e-05,0,0
369586333,0.0689029918404351,0.0011156374151655,5.254112831593883e-05,0,0
96747353,0.0398912058023572,0.0004928122987375,0.0003244443514154,0,0
16799897,0.0498640072529465,0.0012440922615056,2.4278248454427988e-05,0,0
51162310,0.0344514959202175,0.000754641633533,0.0013361312834773,0,0
18130749,0.027198549410698,0.0012094475579948,0.0009831902831907,0,0
317846921,0.0335448776065276,0.000291467264017,1.9760569736162837e-05,0,0
130897520,0.1051677243880326,0.0015295497258918,0.000781831951182,0,0
363426409,0.0915684496826835,0.0014004946798995,0.0008098220289578,0,0
438460947,0.0435176790571169,0.0006443929571874,0.0003171267795195,0,0
58714972,0.0743427017225747,0.0010277810356494,0.0021628039666173,0,0
16663695,0.0045330915684496,0.0001724610827786,0.0,0,0
47799910,0.0099728014505893,0.0003586429680103,7.806280318023673e-05,0,0
31808762,0.0924750679963735,0.0007262111277396,0.0028671121592177,0,0
14888584,0.028105167724388,0.0004904634542591,0.0001917749156854,0,0
315338495,0.0761559383499546,0.0010853230965966,0.0001805275110642,0,0
352226153,0.0825022665457842,0.0012836947674986,0.0001888443148806,0,0
300599613,0.0598368087035358,0.0009793783791565,0.0002001122925007,0,0
16909832,0.0725294650951949,0.0012734846730126,0.0010982893779377,0,0
167744987,0.0117860380779691,0.0002844899242072,8.298705044995289e-05,0,0
362286999,0.0317316409791477,0.0015011863371866,1.9317860564313726e-05,0,0
126099878,0.0534904805077062,0.0003963882764727,0.00074658649239,0,0
422066630,0.0525838621940163,0.0009306882426696,1.0860105194834576e-05,0,0
191638793,0.0353581142339075,0.0003404013150166,5.6601429963174855e-05,0,0
16038438,0.2239347234814143,0.0034059026657833,0.0151118271131855,1,1
390811153,0.0108794197642792,0.0004222049615717,2.772929003312264e-06,0,0
794186,0.0262919310970081,0.0004801556269948,0.0002449694221103,0,0
394216985,0.0290117860380779,0.0009040606881769,1.204945001980674e-05,0,0
17105214,0.0661831368993653,0.0020244750666259,0.0013485231259569,1,1
126042901,0.0362647325475974,0.0006263522994417,7.427580044103515e-05,0,0
7384432,0.0163191296464188,0.0002658922060012,4.014230298939488e-06,0,0
95820486,0.0462375339981867,0.0003842003588415,3.790438835335072e-05,0,0
62050341,0.1024478694469628,0.0017010922198957,0.0018084047026846,0,0
15343773,0.0480507706255666,0.001613646225999,0.0005815258773093,0,0
19049747,0.0553037171350861,0.000736241442943,0.0012839269369258,0,0
167010482,0.0362647325475974,0.0003344209593146,0.0005083091281018,0,0
60101131,0.0145058930190389,0.0009735659339514,0.0002077440433887,0,0
299715714,0.0652765185856754,0.0003564328427581,0.0001400044927756,0,0
7079062,0.0598368087035358,0.0012383045633301,0.0005975206591399,0,0
88501703,0.0553037171350861,0.0006180448400699,0.0009140619375919,0,0
18069427,0.0253853127833182,0.0004408366351303,0.0001504553010577,0,0
405323682,0.0543970988213961,0.0012440945782949,0.000487620295165,0,0
404376053,0.042611060743427,0.0011420302498505,0.0,0,0
193059216,0.0398912058023572,0.0008025279155072,3.1114292216878564e-06,0,0
20747847,0.0951949229374433,0.0025081563474949,0.0010778966122187,1,1
7377812,0.0661831368993653,0.000688722826231,0.0020057897162951,0,0
172959279,0.0607434270172257,0.0008735994260246,0.0031578439095505,0,0
15439395,0.0480507706255666,0.0040355859104755,0.004912927456504,1,1
14824849,0.0317316409791477,0.0020834858098979,4.190516448122613e-05,1,1
110481357,0.0335448776065276,0.0005485722512111,7.487529278832987e-05,0,0
212018296,0.0226654578422484,0.000494072924584,4.097825428303142e-05,0,0
15661871,0.0335448776065276,0.0019956609293093,5.239487188590426e-05,1,1
17092862,0.0172257479601087,0.0005038909785564,2.90846479594211e-06,0,0
224809136,0.0589301903898458,0.0006720807806714,0.0003837815690131,0,0
223247584,0.056210335448776,0.0005757019828734,0.0008299505984981,0,0
14111650,0.0362647325475974,0.0010839210434297,5.676048479027928e-05,0,0
14589257,0.070716228467815,0.0018453191239802,0.0017690034228881,1,1
310087940,0.0299184043517679,0.0004213145752785,3.495365643370036e-05,0,0
18501326,0.0516772438803263,0.0010465725197186,0.000480409399474,0,0
243058696,0.056210335448776,0.0009607121009164,7.600380258908368e-05,0,0
18781900,0.028105167724388,0.0003266686857099,6.872089438300211e-06,0,0
306472866,0.0779691749773345,0.0012188595621922,0.0003666448748433,0,0
344334227,0.0553037171350861,0.0012164783676837,0.0001257895764877,0,0
7453822,0.0444242973708068,0.0014033603937229,0.0005115332448945,0,0
357268791,0.0435176790571169,0.0005075259285181,1.804142540189284e-05,0,0
8207762,0.0607434270172257,0.0010632330640774,0.0001219288566632,0,0
308324295,0.0743427017225747,0.0014894221565673,0.0002317088196081,0,0
16894839,0.0652765185856754,0.0015984455212886,0.0014497057682673,0,0
280725732,0.0435176790571169,0.000298061343765,9.049295327482794e-05,0,0
26841335,0.0897552130553037,0.0010810851275485,0.0016597765760092,0,0
16218063,0.0235720761559383,0.0003780891020401,0.0006433017866383,0,0
467658266,0.0525838621940163,0.0008050280535532,0.000243939270502,0,0
8715652,0.0063463281958295,0.0002010890574167,0.0,0,0
116511302,0.0498640072529465,0.000555814426449,0.0004391567879064,0,0
33087222,0.0652765185856754,0.0006349851936541,8.069797403388456e-05,0,0
40791597,0.0036264732547597,0.0002447998144529,0.0,0,0
17158189,0.0208522212148685,0.0006338553710056,0.0002628931523731,0,0
18445879,0.0362647325475974,0.0007237069742027,0.0002635986975271,0,0
19415126,0.0398912058023572,0.0005056062361947,9.839711097088037e-05,0,0
25495625,0.027198549410698,0.0004111022334485,2.9215751279214428e-05,0,0
4893411,0.0371713508612873,0.0015783697418974,0.0001243070891772,0,0
7081402,0.1024478694469628,0.0033879619645455,0.0039141915535411,1,1
143244854,0.0262919310970081,0.001446274145766,0.0009335962359791,0,0
23691649,0.0117860380779691,0.0004379417335761,1.9253113626979323e-05,0,0
337131276,0.0435176790571169,0.0009542678785485,8.458351331293223e-05,0,0
127569781,0.0761559383499546,0.0009716716811182,0.0010539077860579,0,0
20661527,0.0716228467815049,0.0016393146279695,0.0238839291167724,0,0
14464369,0.056210335448776,0.0078643995829102,1.5670298702173846e-05,1,1
14424667,0.0553037171350861,0.001174851578555,0.0012105155578429,0,0
15643370,0.0516772438803263,0.0019120127934484,0.0016574810532859,1,1
22643137,0.0235720761559383,0.0010256602901215,1.000695697045784e-05,0,0
46241448,0.0362647325475974,0.0015825268685974,0.0010671209858716,0,0
22857385,0.0543970988213961,0.0006794494307234,0.0001102192275207,0,0
16150457,0.0226654578422484,0.0012775972094314,0.0003789922194953,0,0
15913,0.0480507706255666,0.0018401053671935,3.2263133406840234e-05,1,1
28521141,0.0507706255666364,0.002645186457646,0.0015192545314512,1,1
18602163,0.0154125113327289,0.0004277887324486,0.0001059711333076,0,0
43662236,0.0834088848594741,0.0011058358162701,0.0002304023849354,0,0
40340464,0.056210335448776,0.00057602147513,8.31043636503655e-05,0,0
351671009,0.0888485947416137,0.001183045271715,0.0013878156936308,0,0
10350,0.0698096101541251,0.0031565036735819,0.0010352804287999,1,1
24591819,0.0453309156844968,0.0005029503475903,0.0002315385982292,0,0
59877557,0.0725294650951949,0.0005224760460873,0.0002184467434161,0,0
179278975,0.0362647325475974,0.0010559077446037,0.0001158354616277,0,0
15029953,0.0090661831368993,0.0005138360046128,0.0,0,0
114563370,0.0589301903898458,0.0002652274056444,5.608491051741288e-05,0,0
15575251,0.0516772438803263,0.0013822374017584,0.0003074490072324,0,0
123678437,0.0380779691749773,0.0006967060727325,0.0010950300435291,0,0
18849313,0.0244786944696282,0.0004326222163018,0.0010793878899175,0,0
16908436,0.0435176790571169,0.0017923374490703,9.69357805993427e-05,1,1
18488495,0.0145058930190389,0.0002388528651735,1.141452465549498e-06,0,0
18125335,0.013599274705349,0.0006066642626878,9.873919664487177e-06,0,0
9199472,0.0435176790571169,0.0005776553409544,0.0003246212342348,0,0
14311802,0.0444242973708068,0.0003678581146395,5.697543380981082e-05,0,0
756379,0.0398912058023572,0.0006212151614813,0.0007983049722666,0,0
14412605,0.0262919310970081,0.0006401637468201,2.729848867892236e-05,0,0
520027894,0.013599274705349,0.0004167557093409,0.0,0,0
15665127,0.0634632819582955,0.0010738847111268,0.0002325476389987,0,0
1183041,0.0924750679963735,0.0046249520810596,0.0007177968952936,1,1
15758036,0.0453309156844968,0.0003879105913643,6.621433475416079e-05,0,0
19521118,0.0208522212148685,0.0005854312262161,0.0001132354413049,0,0
18444530,0.0308250226654578,0.0007983880890054,2.6137714058176426e-05,0,0
87759396,0.0607434270172257,0.001172836705225,5.571425687193599e-05,0,0
28202547,0.0743427017225747,0.0015134453762657,0.0006200548599435,0,0
14165096,0.0525838621940163,0.0007572790799569,0.0002687669180802,0,0
1065921,0.0779691749773345,0.0009389258518052,0.0024219696323724,0,0
20273398,0.0679963735267452,0.0008364174619158,0.0026306899035483,0,0
16626187,0.0208522212148685,0.0003313827747065,5.862019466029345e-05,0,0
19489341,0.0108794197642792,0.0005983463707279,0.0281165620261737,0,0
6572452,0.013599274705349,0.0008476231581935,0.0034741350479231,0,0
43219574,0.0244786944696282,0.0007419385314694,0.0,0,0
294430454,0.0942883046237534,0.0019453018660772,0.000222312219999,1,1
6068612,0.0235720761559383,0.0005677928791591,6.115465991608286e-06,0,0
14326003,0.0054397098821396,0.0005609020535882,0.0016672874949129,0,0
31067157,0.0779691749773345,0.0008988176510049,0.0002284766360308,0,0
769584,0.028105167724388,0.0006738293495355,0.0001325235953827,0,0
33035636,0.0099728014505893,0.0002620469641022,5.691701119091302e-06,0,0
121637129,0.0217588395285584,0.0007532929982801,0.0001273133924629,0,0
34455805,0.0081595648232094,0.0002186807662093,1.3468743290120688e-05,0,0
468094034,0.0154125113327289,0.0022850118940766,8.075403123259934e-05,1,1
23831909,0.0117860380779691,0.0002683254218169,3.999230956095458e-05,0,0
14303746,0.0489573889392565,0.0077579418578594,1.712402148178266e-05,1,1
21076522,0.0317316409791477,0.0005820777496579,0.0005877328225592,0,0
16956955,0.0199456029011786,0.0010176356525091,0.0003859433924194,0,0
358553967,0.0725294650951949,0.0005728346613075,3.831476229650963e-05,0,0
274149738,0.0444242973708068,0.0006514816878897,1.4729642337127518e-05,0,0
50557241,0.0389845874886672,0.0008888893816308,0.0005610540143932,0,0
333709376,0.042611060743427,0.0010238347130725,0.000384844159588,0,0
66561957,0.0190389845874886,0.0008607241281099,7.751222361022725e-06,0,0
16098603,0.0634632819582955,0.0010972091483965,0.0017809111970464,0,0
48370736,0.0471441523118767,0.0005336265220916,6.428353996510633e-05,0,0
187366802,0.0163191296464188,0.0004950202583211,7.28590456966357e-05,0,0
34170312,0.0235720761559383,0.0005178398183087,2.7514182632177174e-05,0,0
283306509,0.0290117860380779,0.0001923012296741,1.0208711433756808e-06,0,0
5980142,0.0190389845874886,0.0006622850387351,0.0003198294739078,0,0
15863699,0.0063463281958295,0.0004158880063059,0.0004981652869266,0,0
17759701,0.0244786944696282,0.0002876551813614,2.8495311670287653e-06,0,0
14050306,0.0090661831368993,0.0019695759577159,0.0,1,1
23742474,0.0081595648232094,0.0007125030473799,0.0041707681844869,0,0
16536215,0.0181323662737987,0.001045158582698,0.001721068066117,0,0
18819743,0.0262919310970081,0.0005305945362134,2.1852327054259543e-05,0,0
395395198,0.0072529465095194,0.000241366027148,2.15682933515484e-05,0,0
20015787,0.0199456029011786,0.0006848376139236,0.0001504249598113,0,0
681813,0.0208522212148685,0.0009240689568239,0.0,0,0
56768257,0.0108794197642792,0.0003311286618627,7.337326945297177e-06,0,0
15359658,0.0126926563916591,0.000324452715905,3.158508465065713e-06,0,0
41262929,0.0145058930190389,0.000499982311732,0.0,0,0
520809979,0.0344514959202175,0.0003856750507462,7.113893345259723e-06,0,0
18959811,0.0045330915684496,0.000222032844615,0.0,0,0
55656369,0.0126926563916591,0.0026089290539994,0.0,1,1
125540746,0.0045330915684496,0.0002571046770973,0.0,0,0
3462421,0.0262919310970081,0.0005049873222661,6.990337767904403e-05,0,0
43275782,0.0018132366273798,0.0001917403526176,0.0,0,0
18709570,0.0253853127833182,0.0006361109570234,0.0001199363091818,0,0
16583999,0.0217588395285584,0.0002800139024097,0.0001593889557737,0,0
167552021,0.0099728014505893,0.0002445372007527,0.0,0,0
22924257,0.0081595648232094,0.0002663692709505,0.0011253722706044,0,0
31892440,0.0036264732547597,0.000374468693215,0.0,0,0
75193883,0.0199456029011786,0.000381562448251,3.701776024841204e-05,0,0
14326533,0.0235720761559383,0.0086411607681481,9.083627001012096e-05,1,1
23390284,0.0154125113327289,0.0005161647871636,1.2940808507310972e-05,0,0
17865810,0.0018132366273798,0.0001851582265378,0.0,0,0
332375645,0.0190389845874886,0.0005150727850976,3.405001453378622e-06,0,0
7385102,0.0018132366273798,0.0002119656667152,0.0,0,0
43115008,0.0126926563916591,0.0008035237118429,1.7928982830656817e-05,0,0
254792310,0.0036264732547597,0.0003260104256618,9.10728652151871e-06,0,0
89728799,0.0045330915684496,0.0001724610827786,0.0,0,0
14144060,0.0036264732547597,0.0001888338490563,0.0,0,0
101496725,0.0054397098821396,0.0008021603784084,0.0057584656067922,0,0
405056781,0.0072529465095194,0.000553938941962,0.0,0,0
21308602,0.0054397098821396,0.0004068599083329,0.0,0,0
17794560,0.0054397098821396,0.0002403876399962,6.724696289263101e-05,0,0
54298095,0.0072529465095194,0.000245208887095,0.0,0,0
17983020,0.0009066183136899,0.0001724610827786,0.0,0,0
74229529,0.0045330915684496,0.0001724610827786,0.0,0,0
26547954,0.0054397098821396,0.0004390794160562,2.268602540834846e-06,0,0
194889318,0.0063463281958295,0.000275357368072,0.0,0,0
118599144,0.0018132366273798,0.0001724610827786,0.0,0,0
120867457,0.0009066183136899,0.0001724610827786,0.0,0,0
102434415,0.0027198549410698,0.0004108646469619,0.0002013528559474,0,0
16891273,0.0009066183136899,0.0001724610827786,0.0,0,0
350939079,0.0072529465095194,0.0002193560335864,0.0003085299455535,0,0
323405569,0.0072529465095194,0.0004623711046074,7.259528130671507e-05,0,0
109065990,0.0081595648232094,0.0005873213010606,9.074410163339384e-06,0,0
106708586,0.0163191296464188,0.0005051655077285,5.671506352087115e-06,0,0
316797838,0.0235720761559383,0.0006750912764351,0.0047261347838129,0,0
374949999,0.0172257479601087,0.0004591459127415,0.0043875601722283,0,0
52216611,0.0262919310970081,0.0007003900778891,0.0018718025301336,0,0
50453498,0.0063463281958295,0.000253030968671,0.0,0,0
20471349,0.0290117860380779,0.0008899565960149,0.0047764923380046,0,0
497434530,0.0235720761559383,0.0003590345325221,0.0018794133970226,0,0
18825961,0.0117860380779691,0.0041834762934198,0.0003176043557168,1,1
308522948,0.0181323662737987,0.0004049708224456,0.0016493654560805,0,0
17861062,0.0036264732547597,0.0002365965272253,5.353901996370238e-05,0,0
423662810,0.0045330915684496,0.0001724610827786,0.0,0,0
433691110,0.0072529465095194,0.0002098995467555,0.0001881859821968,0,0
28125177,0.0099728014505893,0.0003864857631384,0.0,0,0
16589206,0.0117860380779691,0.0018755769038238,0.0002903811252268,1,1
64643056,0.0072529465095194,0.0011422742063169,0.0,0,0
16151999,0.0027198549410698,0.0037478384240426,0.0,1,1
15838599,0.0054397098821396,0.0016468799698911,0.0,0,0
515602819,0.0099728014505893,0.0002913421269008,2.631578947368421e-05,0,0
43611927,0.0090661831368993,0.0002662860615444,0.0003236539624924,0,0
55949049,0.0072529465095194,0.0002035421391151,0.0,0,0
294198566,0.0199456029011786,0.0009827126219752,0.00010889292196,0,0
290656947,0.0244786944696282,0.0004557573210918,0.0019778671724017,0,0
324546502,0.0172257479601087,0.0002882660062361,0.0008471941850004,0,0
285727668,0.0117860380779691,0.0003440121428498,0.0009906778344638,0,0
225235528,0.0145058930190389,0.0017963992992279,0.0007924984875983,1,1
10671602,0.0217588395285584,0.0032491813173925,0.0002450090744101,1,1
514550692,0.0099728014505893,0.0002347392006878,0.0012672479068596,0,0
156176094,0.0308250226654578,0.0008053447689305,0.0028791763745163,0,0
342943472,0.0253853127833182,0.0008984261612732,0.0267241379310344,0,0
203279955,0.0217588395285584,0.0004753434748517,0.0008609221993976,0,0
198591276,0.0090661831368993,0.0002648268708983,0.0011509508039586,0,0
19311729,0.0226654578422484,0.0008251365801752,0.0026704692766398,0,0
24542441,0.0099728014505893,0.0004469396212662,1.8148820326678767e-05,0,0
382368139,0.013599274705349,0.0002657536954286,0.0,0,0
27855118,0.0163191296464188,0.002233538524433,0.0,1,1
100174502,0.0054397098821396,0.0003220907763497,0.0,0,0
275081385,0.0018132366273798,0.0001724610827786,0.0,0,0
279390084,0.0154125113327289,0.0013644623291087,0.0002964307320024,0,0
378862802,0.0108794197642792,0.0001898407571419,2.419842710223836e-05,0,0
254054375,0.0027198549410698,0.0002372489672886,0.0,0,0
378546078,0.0126926563916591,0.0003600418584457,0.0013535995160314,0,0
211235703,0.0036264732547597,0.0002546286416519,0.0,0,0
258568696,0.0126926563916591,0.0002520156483991,0.0006263835376924,0,0
340329096,0.0054397098821396,0.0005454312226663,0.0,0,0
338517106,0.0226654578422484,0.0003461934564673,0.0017926519493415,0,0
57333800,0.0190389845874886,0.0005960593128,0.000122504537205,0,0
18511475,0.0072529465095194,0.000807367233195,0.0004246823956442,0,0
299413847,0.0063463281958295,0.000762803842233,0.0,0,0
24044209,0.0063463281958295,0.0005969603768504,0.0006578947368421,0,0
270931952,0.0045330915684496,0.000528051548303,0.0,0,0
246456451,0.0054397098821396,0.0002264458225031,0.0002203785325382,0,0
188809568,0.0081595648232094,0.000600252897131,0.0031533575317604,0,0
290769740,0.0099728014505893,0.0003379611558144,3.6297640653357535e-05,0,0
273504184,0.0009066183136899,0.0001724610827786,0.0,0,0
5490392,0.0045330915684496,0.0005284223908399,0.0,0,0
215719802,0.0045330915684496,0.0002043861801014,0.0,0,0
28482819,0.0099728014505893,0.0006623104423906,0.0004446460980036,0,0
224424715,0.0027198549410698,0.0002153582799374,0.0,0,0
264991283,0.0027198549410698,0.0002486986800646,0.0,0,0
260426661,0.0108794197642792,0.0005133797145103,0.0,0,0
76966145,0.0036264732547597,0.0009173838083602,0.0,0,0
7846,0.0117860380779691,0.0005717009948451,0.0008929219600725,0,0
11487372,0.0018132366273798,0.0001724610827786,0.0,0,0
93904918,0.0027198549410698,0.0001724610827786,0.0,0,0
322603418,0.0027198549410698,0.0005214312265944,0.0,0,0
216299334,0.0072529465095194,0.0012308432615427,0.0008750324086077,0,0
526921548,0.0045330915684496,0.0002074938344223,2.618618494767059e-05,0,0
382111375,0.0009066183136899,0.0001979786055741,0.0,0,0
288452305,0.0045330915684496,0.0008739010654224,0.0001905626134301,0,0
502167306,0.0027198549410698,0.0002227574206045,0.0,0,0
79004401,0.0045330915684496,0.0002048032635877,0.0,0,0
11926442,0.0036264732547597,0.0001724610827786,0.0,0,0
17006157,0.0036264732547597,0.0008095498501406,0.0,0,0
35831704,0.0054397098821396,0.0005704962505146,1.8148820326678767e-05,0,0
254163476,0.0009066183136899,0.0002074938344223,0.0,0,0
52205516,0.0018132366273798,0.0002663405720571,0.0,0,0
324544865,0.0154125113327289,0.0004540201150188,0.0,0,0
338844588,0.0027198549410698,0.0002043861801014,0.0,0,0
363925204,0.0009066183136899,0.0001724610827786,0.0,0,0
116770718,0.0009066183136899,0.0001724610827786,0.0,0,0
48415669,0.0027198549410698,0.0002830067901765,0.0,0,0
58120486,0.0009066183136899,0.0001724610827786,0.0,0,0
126139466,0.0018132366273798,0.0001724610827786,0.0,0,0
47041310,0.0009066183136899,0.0001724610827786,0.0,0,0
309633527,0.0009066183136899,0.0001724610827786,0.0,0,0
16677622,0.0888485947416137,0.0010109226064219,0.0001792611616615,0,0
11214332,0.0172257479601087,0.0007969130631554,3.6297640653357536e-06,0,0
306128912,0.0308250226654578,0.0006395361527197,2.382813037187338e-05,0,0
24129206,0.0879419764279238,0.0009337452480977,0.0002823834588958,0,0
334735103,0.0471441523118767,0.0006870491852863,4.063207175957552e-05,0,0
16009851,0.0970081595648232,0.0010823876299382,0.0003197305653846,0,0
194347664,0.0217588395285584,0.0004205887578822,0.0,0,0
39234189,0.0679963735267452,0.0009119102792877,0.000247143061711,0,0
21507738,0.0543970988213961,0.0006267696159073,7.739537535343802e-05,0,0
19653925,0.0861287398005439,0.0006411156914621,0.0002268572150661,0,0
19802879,0.0652765185856754,0.00188399634248,0.0003033738278054,1,1
36584174,0.0398912058023572,0.0004394560700525,4.728245295634731e-06,0,0
42950930,0.0553037171350861,0.0007285648449493,0.0001740878188367,0,0
19658826,0.0598368087035358,0.0015857524863688,0.000274000202091,0,0
9852542,0.0444242973708068,0.0005913900944412,3.312465177748114e-05,0,0
23739721,0.0734360834088848,0.0005805208977003,0.0001402324633857,0,0
42979224,0.0516772438803263,0.0005751361355205,2.8436139167823187e-05,0,0
36045367,0.0589301903898458,0.0005919591866177,0.000155542101556,0,0
14693823,0.0335448776065276,0.001338918864717,2.592688618096967e-06,0,0
14912435,0.0190389845874886,0.0006148688460977,1.008267795926598e-06,0,0
17248121,0.0154125113327289,0.0006545519731657,0.0,0,0
12321512,0.0689029918404351,0.0005453970683732,0.0001164106128576,0,0
65360193,0.0172257479601087,0.0005165066556626,0.0,0,0
92306628,0.0743427017225747,0.000799145198963,0.0002701037322845,0,0
19766517,0.0979147778785131,0.0013100537775722,0.0014746748696192,0,0
15862891,0.0471441523118767,0.0009307923971332,0.0001822642623218,0,0
21436960,0.1405258386219401,0.002963060288075,0.0026316401826176,1,1
86070159,0.0861287398005439,0.001163347708108,0.0008666742037141,0,0
384761809,0.0362647325475974,0.0003910031577435,5.643518433098875e-05,0,0
69248730,0.0507706255666364,0.0005823709192946,9.445295397664935e-05,0,0
82853372,0.0516772438803263,0.0009574684227456,4.037987508308284e-05,0,0
138725262,0.0435176790571169,0.0007700429545965,0.0001775194411465,0,0
25066853,0.0407978241160471,0.0009048213588047,3.751110034997159e-05,0,0
8295072,0.0471441523118767,0.0025742407089059,0.0068058076225045,1,1
20427778,0.013599274705349,0.0003945010963136,5.29340592861464e-06,0,0
5402612,0.0090661831368993,0.0003802856729014,0.0,0,0
15165493,0.0652765185856754,0.0016865718297065,0.0003251421905,0,0
15102849,0.0716228467815049,0.0012802132954136,0.0004782417653099,0,0
8963722,0.0317316409791477,0.0010786939903014,2.0623659462134966e-06,0,0
106061616,0.0163191296464188,0.0001724610827786,0.0,0,0
126302054,0.0290117860380779,0.0006620358255963,4.105090311986864e-06,0,0
231796277,0.0126926563916591,0.0003404819289427,1.387256966088491e-05,0,0
13176312,0.0362647325475974,0.0008254789467866,0.0001315553257835,0,0
560452336,0.0172257479601087,0.0004825649502239,0.0,0,0
2811851,0.0290117860380779,0.0003313860451628,5.2058458305473305e-06,0,0
15144542,0.0435176790571169,0.0004050624741291,3.402903811252269e-06,0,0
16876667,0.0389845874886672,0.0008863382862518,0.0001546096514186,0,0
621573,0.0262919310970081,0.0008640417643246,0.0,0,0
72841362,0.0217588395285584,0.0004095904381952,1.4259787399533316e-06,0,0
106786180,0.0036264732547597,0.0001724610827786,0.0,0,0
22139698,0.0507706255666364,0.0017068527314906,6.602306906339398e-05,0,0
91373517,0.0398912058023572,0.0002564737808245,2.8370827599502737e-05,0,0
21410687,0.0190389845874886,0.0002842600418969,4.191982955890476e-06,0,0
70160230,0.0226654578422484,0.0004451362380492,1.909003583075803e-05,0,0
17217640,0.0344514959202175,0.0013831657802502,0.0,0,0
14936377,0.0589301903898458,0.0017798887150436,0.0001869528612761,1,1
8255122,0.0317316409791477,0.0010070557280605,2.519903971809598e-05,0,0
24244836,0.0734360834088848,0.0007375478026494,0.0003358971020986,0,0
7429892,0.0643699002719855,0.001000096934426,6.294380094970686e-05,0,0
45957677,0.0054397098821396,0.0002241684753002,0.0,0,0
104585489,0.0661831368993653,0.0009344419636655,0.0001098344590555,0,0
93714983,0.042611060743427,0.0008935239776081,0.0002302904875901,0,0
15234407,0.0453309156844968,0.001071130829645,2.759646160400769e-05,0,0
104989762,0.0444242973708068,0.0041979646860452,0.0017422867513611,1,1
17384099,0.0752493200362647,0.0018582811844455,0.0004203097923456,1,1
15431856,0.041704442429737,0.0008766958448433,3.500032856207012e-05,0,0
15820660,0.0689029918404351,0.0011066979046721,5.793525911915656e-05,0,0
18720204,0.0326382592928377,0.0005777311446276,3.9254385784954445e-05,0,0
1435461,0.0253853127833182,0.0009431551321122,0.0,0,0
344776030,0.0308250226654578,0.0001927799353087,1.653884141095975e-05,0,0
216366465,0.0226654578422484,0.0006195690941131,2.218189151038516e-06,0,0
158283753,0.0163191296464188,0.0003775843632352,0.0,0,0
266464616,0.0398912058023572,0.000926420512845,0.0003040786547246,0,0
12040102,0.0253853127833182,0.0009729165308673,2.444329213839196e-05,0,0
15292446,0.0145058930190389,0.0003331904129747,0.0,0,0
11348282,0.0861287398005439,0.0057495648942598,0.007041361092213,1,1
90746337,0.0235720761559383,0.0003631011457135,2.3212782848463145e-05,0,0
14091091,0.0335448776065276,0.0011904610412555,5.540590049616701e-05,0,0
117017147,0.028105167724388,0.0005999661957491,1.8148820326678768e-06,0,0
244082406,0.028105167724388,0.0005728969765706,2.3452066301964883e-05,0,0
15473958,0.0553037171350861,0.0016134694009725,0.0001564362844475,0,0
423745970,0.0090661831368993,0.0002211193048196,0.0,0,0
21179815,0.0154125113327289,0.0006705029393379,0.0,0,0
518403776,0.056210335448776,0.0005190594646915,7.890186045780079e-06,0,0
256889809,0.0525838621940163,0.0005364094735866,9.925739150939332e-05,0,0
8623332,0.0290117860380779,0.0010109468933665,3.238700198772794e-05,0,0
31401966,0.0163191296464188,0.0002588645407429,3.402903811252269e-06,0,0
14807898,0.070716228467815,0.0016276859411232,0.0001951691078586,0,0
14647570,0.042611060743427,0.0008883640378292,0.000160058556455,0,0
274663230,0.027198549410698,0.0005150855466191,6.5963981571967065e-06,0,0
208442526,0.041704442429737,0.0006732602493854,9.327126059841426e-05,0,0
205195655,0.0453309156844968,0.0005356554517859,0.0001067059227127,0,0
474423064,0.0126926563916591,0.0002960011396159,0.0,0,0
6408382,0.0290117860380779,0.0008391735537436,5.065799133631728e-05,0,0
19816089,0.0172257479601087,0.0005638502872637,1.0654029710291054e-05,0,0
277375017,0.0190389845874886,0.0003918205914789,0.0,0,0
16363491,0.0516772438803263,0.000440749581118,2.8385211891661992e-05,0,0
51274038,0.0126926563916591,0.0002736328350593,2.974169163359826e-06,0,0
42380766,0.0190389845874886,0.0005547830800821,0.0,0,0
277889424,0.0108794197642792,0.0003334509491558,1.5124016938898973e-06,0,0
99851285,0.0081595648232094,0.0002349936954543,0.0,0,0
15110431,0.0253853127833182,0.0010062251117565,0.0,0,0
4620451,0.0525838621940163,0.0016564985284547,6.704075450966931e-06,0,0
131663151,0.0181323662737987,0.0002572961592831,5.0557428052890855e-06,0,0
19384258,0.041704442429737,0.0004167538279989,2.8857751575340157e-06,0,0
137320881,0.0344514959202175,0.0003793008230411,9.292800151525916e-06,0,0
403339965,0.0090661831368993,0.0002269138226257,0.0,0,0
19725644,0.0444242973708068,0.001552128069694,1.2616764413191497e-05,0,0
21808052,0.013599274705349,0.0003308627605032,0.0,0,0
174784400,0.0090661831368993,0.0004883388386944,1.099928504647198e-05,0,0
523340129,0.0045330915684496,0.0002162713932028,0.0,0,0
222178782,0.0063463281958295,0.0001724610827786,0.0,0,0
277510682,0.013599274705349,0.0002931838032958,0.0,0,0
71502330,0.0126926563916591,0.0002690283138539,0.0,0,0
437806648,0.0081595648232094,0.0001724610827786,0.0,0,0
234343491,0.0036264732547597,0.0002205519209206,0.0,0,0
225096128,0.0027198549410698,0.0002374746599999,0.0,0,0
18700629,0.0036264732547597,0.0002711618971461,0.0,0,0
20950208,0.0516772438803263,0.0015918741750778,0.0003078379323842,0,0
132249368,0.0208522212148685,0.0006849842096066,2.640490684955295e-05,0,0
16265412,0.0299184043517679,0.0010529391764409,6.990806128737163e-05,0,0
41494136,0.0244786944696282,0.0007677604629364,1.5096518726282793e-05,0,0
17176990,0.0154125113327289,0.000367654685735,0.0,0,0
114115460,0.0317316409791477,0.0011396515082306,9.286146400483968e-05,0,0
14743923,0.0226654578422484,0.0004647123830132,0.0001065860938819,0,0
268479669,0.0335448776065276,0.0010393884980301,3.687510311829731e-05,0,0
2260771,0.0398912058023572,0.0007277443273301,0.0004289621952961,0,0
16264063,0.0317316409791477,0.0009146643817093,0.0,0,0
22169313,0.0099728014505893,0.0001724610827786,0.0,0,0
28889701,0.013599274705349,0.0021026805275817,2.480338777979431e-05,1,1
20567578,0.0344514959202175,0.001006271982923,9.445218020535626e-05,0,0
14239780,0.0172257479601087,0.0005511293253858,0.0,0,0
15775181,0.0117860380779691,0.0006093222741171,0.0,0,0
14456842,0.0317316409791477,0.0007620802738245,0.0010679407879304,0,0
207936757,0.0299184043517679,0.0018934138834978,1.5096518726282793e-05,1,1
7668432,0.0072529465095194,0.0003396835780873,0.0,0,0
61336370,0.0126926563916591,0.000558957611317,4.764065335753177e-06,0,0
3359851,0.057116953762466,0.0011734766404248,0.0006459843594598,0,0
243370113,0.0262919310970081,0.0008980793936811,0.0,0,0
142001754,0.0244786944696282,0.0008464887989575,0.0,0,0
175624200,0.0199456029011786,0.0018726029746398,7.017543859649122e-05,1,1
29206754,0.0045330915684496,0.0005705994639407,0.0,0,0
19136295,0.0126926563916591,0.0003558788476519,2.722323049001815e-05,0,0
347466350,0.0290117860380779,0.000521861042751,0.0001848470646111,0,0
7098022,0.0480507706255666,0.0018324129836638,0.0001989954238139,1,1
25071725,0.0081595648232094,0.0014809134582721,0.0010526315789473,0,0
256286568,0.0145058930190389,0.0009342741815814,2.268602540834846e-06,0,0
54319516,0.0090661831368993,0.0009923975923944,0.0,0,0
26553971,0.0054397098821396,0.0003318430750589,0.0,0,0
208221645,0.0045330915684496,0.0003135242101942,0.0,0,0
4219131,0.0353581142339075,0.0012270526957945,0.0001036022104533,0,0
16507381,0.0081595648232094,0.0004473393140481,0.0,0,0
20621747,0.0099728014505893,0.0006485169447059,0.0,0,0
18742444,0.0199456029011786,0.0008727526748514,3.51827291482464e-05,0,0
263352652,0.0099728014505893,0.001553425886765,1.2704174228675136e-05,0,0
189234283,0.0154125113327289,0.0003654554304874,2.722323049001815e-05,0,0
49666201,0.0054397098821396,0.0004612089367163,0.0,0,0
34068984,0.0090661831368993,0.0005635387601892,9.074410163339384e-06,0,0
369130833,0.0054397098821396,0.0002138984401148,0.0,0,0
50393960,0.0036264732547597,0.0006295472693664,0.0,0,0
14110133,0.0054397098821396,0.0002791616359697,0.0,0,0
14484504,0.0126926563916591,0.0004557907239474,0.0,0,0
117533865,0.0154125113327289,0.0006343739274017,2.0940946530783192e-05,0,0
350072433,0.0081595648232094,0.0003353532386009,0.0,0,0
34662645,0.0181323662737987,0.0002385425260939,0.0,0,0
14192988,0.0108794197642792,0.0015880925761363,0.000356926799758,0,0
17738564,0.013599274705349,0.0003435918735244,0.0,0,0
19663597,0.0054397098821396,0.0004486328128538,0.0,0,0
44177692,0.0117860380779691,0.0003669339992484,5.44464609800363e-05,0,0
42579112,0.0163191296464188,0.0010326612011197,0.0,0,0
63273064,0.0108794197642792,0.0003410947504087,0.00010889292196,0,0
76774950,0.0172257479601087,0.0027044494674358,0.0003811252268602,1,1
245076474,0.0081595648232094,0.0004231361077226,0.0,0,0
236719823,0.0163191296464188,0.000473654043605,2.736145181698721e-05,0,0
17064514,0.0009066183136899,0.0001724610827786,0.0,0,0
20106337,0.0099728014505893,0.0018879492940931,0.000356926799758,1,1
40364293,0.0009066183136899,0.0002071330594042,0.0,0,0
248992493,0.0036264732547597,0.0006546391998186,0.0,0,0
17910878,0.0045330915684496,0.0010797634151503,0.0,0,0
14219826,0.0090661831368993,0.0003580368620727,0.0,0,0
283612037,0.0081595648232094,0.0004346979027737,0.0,0,0
166729867,0.0036264732547597,0.0001724610827786,0.0,0,0
41648744,0.0054397098821396,0.0004063865573848,0.0,0,0
24109979,0.0054397098821396,0.0012973516980705,0.0,0,0
59378077,0.0018132366273798,0.000193808618228,6.049606775559589e-06,0,0
823860,0.0018132366273798,0.0003631633094521,0.0,0,0
190752867,0.0036264732547597,0.000290317990878,0.0,0,0
341849215,0.0045330915684496,0.0007269596429367,0.0,0,0
304794994,0.0054397098821396,0.0003318430750589,0.0,0,0
18208354,0.0027198549410698,0.0002170217117769,0.0,0,0
30034583,0.0009066183136899,0.0002191628893552,0.0,0,0
24563388,0.0009066183136899,0.0001724610827786,0.0,0,0
64209144,0.0009066183136899,0.0002138984401148,0.0,0,0
52422878,0.0036264732547597,0.000668925924484,0.0,0,0
36803580,0.0018132366273798,0.0002220610484678,0.0,0,0
29758446,0.0027198549410698,0.0005762396308883,0.0,0,0
16565797,0.0027198549410698,0.0003135242101942,0.0,0,0
19490867,0.0018132366273798,0.0002189221998834,0.0,0,0
105429988,0.0009066183136899,0.0002374184466464,0.0,0,0
93750955,0.0108794197642792,0.0016805748111151,0.0,0,0
563031699,0.0072529465095194,0.0001920547122636,0.0,0,0
130340054,0.0154125113327289,0.0020964248773886,4.839685420447671e-05,1,1
487367041,0.0108794197642792,0.0004542070300706,0.0004355716878402,0,0
107381955,0.0126926563916591,0.0019824107946477,0.0,1,1
215824411,0.0108794197642792,0.0016609811816301,0.0005807622504537,0,0
207878118,0.0090661831368993,0.0024814561927551,4.839685420447671e-05,1,1
390455433,0.0090661831368993,0.0024814561927551,4.839685420447671e-05,1,1
85891683,0.0072529465095194,0.0018779593095882,0.0,1,1
130357109,0.0099728014505893,0.0002504200067124,0.0,0,0
133929572,0.0126926563916591,0.0019824107946477,0.0,1,1
304774444,0.0090661831368993,0.0002075026240741,0.0001451905626134,0,0
18142375,0.0543970988213961,0.0021269015291626,0.0001791194286657,1,1
1294741,0.0516772438803263,0.0016691297915412,7.057874571486188e-05,0,0
16139649,0.0362647325475974,0.0024686768705434,5.68296394067719e-06,1,1
17363890,0.0290117860380779,0.0012170733052387,3.508771929824562e-05,0,0
19344585,0.0235720761559383,0.0009775244084237,0.0,0,0
1002351,0.0371713508612873,0.0013747761519145,0.0,0,0
19346439,0.0371713508612873,0.0019998804298221,1.9597059524464244e-05,1,1
14085096,0.0317316409791477,0.0016986486907737,0.0,0,0
104203233,0.0380779691749773,0.0023148124312339,3.493713384820464e-05,1,1
9142362,0.0145058930190389,0.0007274580152126,2.233378639912216e-05,0,0
26985345,0.042611060743427,0.0019492455322893,4.4515677909507314e-05,1,1
33852508,0.0335448776065276,0.0020470964499325,0.0,1,1
25702003,0.0226654578422484,0.0006016994539583,0.0,0,0
85794542,0.0235720761559383,0.0013137942412789,9.88102440008066e-06,0,0
56169454,0.028105167724388,0.0021463857034842,1.072430292031018e-05,1,1
25995437,0.028105167724388,0.0010441032610014,3.6297640653357535e-05,0,0
22021978,0.0299184043517679,0.0014569145014797,0.0,0,0
58836363,0.0244786944696282,0.0013426173067188,0.0,0,0
88722311,0.0244786944696282,0.0010795078841729,0.0,0,0
9442262,0.0163191296464188,0.000478205155321,0.0,0,0
87652742,0.0099728014505893,0.0002961915231054,0.0,0,0
18874097,0.0335448776065276,0.0019952283626078,3.392886605227803e-05,1,1
14190551,0.0389845874886672,0.0019602297538903,5.863142705247968e-05,1,1
41351472,0.0181323662737987,0.0004749917607736,0.0,0,0
465973,0.0253853127833182,0.0025438313742508,0.0,1,1
21697211,0.0099728014505893,0.0002742784768094,0.0,0,0
149075605,0.0009066183136899,0.0001724610827786,0.0,0,0
16133363,0.0344514959202175,0.0012953943188399,5.20776863789568e-05,0,0
24185807,0.0145058930190389,0.0005862247453362,0.0,0,0
61228125,0.013599274705349,0.0003535876926928,0.0,0,0
89479311,0.0045330915684496,0.0002217463055591,0.0,0,0
123567601,0.0009066183136899,0.0002129893204883,0.0,0,0
86337034,0.0063463281958295,0.000487890331864,0.0,0,0
107017176,0.0217588395285584,0.0034114619655725,1.649892756970797e-06,1,1
84563846,0.013599274705349,0.0008341472809293,0.0,0,0
39055030,0.0072529465095194,0.0003055234812677,2.016535591853196e-06,0,0
82406734,0.0054397098821396,0.000489798756845,0.0,0,0
37883682,0.0054397098821396,0.000225610409439,0.0,0,0
30869029,0.0054397098821396,0.000331656354586,0.0,0,0
24160143,0.0036264732547597,0.0001724610827786,0.0,0,0
19722805,0.0018132366273798,0.0002129893204883,0.0,0,0
18186507,0.0018132366273798,0.0002562685851768,0.0,0,0
247200654,0.0009066183136899,0.0001724610827786,0.0,0,0
14796276,0.0054397098821396,0.0002857421433176,0.0,0,0
9568572,0.0027198549410698,0.0002129893204883,0.0,0,0
6143852,0.0009066183136899,0.0002217463055591,0.0,0,0
865561,0.0018132366273798,0.0001724610827786,0.0,0,0
240253031,0.0009066183136899,0.0001724610827786,0.0,0,0
1044771,0.0163191296464188,0.0013520579827432,0.0020333160487425,0,0
7423322,0.0009066183136899,0.0002874962253592,0.0,0,0
9921142,0.0154125113327289,0.0013871496514875,0.0003801313628899,0,0
4556941,0.0009066183136899,0.0003200016986254,0.0,0,0
2916671,0.0036264732547597,0.0005679306549701,0.0,0,0
1049111,0.0108794197642792,0.0006466703297878,0.0020606473079249,0,0
17743,0.0045330915684496,0.0003555737107214,1.134301270417423e-05,0,0
1452261,0.0117860380779691,0.000837197027025,1.4115749142972372e-05,0,0
1403031,0.0045330915684496,0.0001724610827786,0.0,0,0
1049981,0.0090661831368993,0.0008811264201143,0.0001542649727767,0,0
1118161,0.0108794197642792,0.0014687142848533,0.0016692593552847,0,0
1117341,0.0145058930190389,0.001363484590621,0.00025,0,0
6100262,0.0018132366273798,0.0001724610827786,0.0,0,0
51421542,0.0163191296464188,0.0017569840399017,5.44464609800363e-05,0,0
991221,0.0145058930190389,0.0021516870410183,0.0001188891769654,1,1
814153,0.0018132366273798,0.0005386075400114,0.0,0,0
1116721,0.0145058930190389,0.0018476530744202,0.0036747040013827,1,1
795536,0.0036264732547597,0.0009934126610844,5.8983666061706e-05,0,0
1269251,0.0126926563916591,0.0012291694306309,0.0002300074899893,0,0
1468951,0.0117860380779691,0.0010305856265278,6.707141416760292e-05,0,0
2217251,0.0054397098821396,0.0003593615893249,0.0,0,0
5516192,0.0045330915684496,0.0004706296031901,2.268602540834846e-06,0,0
1044591,0.0154125113327289,0.0015161287977034,0.0008502218189151,0,0
1118781,0.0108794197642792,0.0014687114910506,8.082706766917294e-05,0,0
1975721,0.0063463281958295,0.0008543869883565,6.049606775559589e-06,0,0
678953,0.0172257479601087,0.0013438938035812,0.0016645637081208,0,0
8956052,0.0090661831368993,0.0011242608334712,0.0001162388730446,0,0
5515802,0.0145058930190389,0.0006054333019815,0.0004170987814363,0,0
6277512,0.0009066183136899,0.0001724610827786,0.0,0,0
1045141,0.0217588395285584,0.0028270007529879,0.0018871964393742,1,1
6550132,0.0108794197642792,0.0012254717277262,0.0036993849566444,0,0
1047451,0.0117860380779691,0.0014657883597641,0.0002369141243914,0,0
5920812,0.0018132366273798,0.0003469022634842,0.0,0,0
14106930,0.0081595648232094,0.0011639938845245,8.469449485783423e-05,0,0
5066391,0.0009066183136899,0.0001724610827786,0.0,0,0
1043241,0.0099728014505893,0.0009447141901277,3.478523895946764e-05,0,0
11726932,0.0108794197642792,0.0012606445574068,0.0016461412151067,0,0
1047961,0.0027198549410698,0.0001724610827786,0.0,0,0
1268821,0.0117860380779691,0.0010822976646574,0.0001315789473684,0,0
6752812,0.0027198549410698,0.0001724610827786,0.0,0,0
1478151,0.0045330915684496,0.000221332941043,0.0,0,0
5653212,0.0108794197642792,0.0008070398760351,0.0037049520352605,0,0
6194262,0.0036264732547597,0.0002582935759405,6.261343012704175e-05,0,0
18498684,0.0045330915684496,0.0010107858043311,0.0,0,0
11067992,0.0018132366273798,0.0003382106964543,9.074410163339384e-06,0,0
6312972,0.0018132366273798,0.0006095697790296,0.0,0,0
6945012,0.0027198549410698,0.0005162524405455,0.0,0,0
1478471,0.0063463281958295,0.0008847638094342,5.44464609800363e-05,0,0
7715252,0.0027198549410698,0.0003822648425293,3.703840882995666e-05,0,0
1048661,0.0108794197642792,0.0013037633452086,0.0001942643966237,0,0
10776252,0.0009066183136899,0.0001724610827786,0.0,0,0
6354792,0.0018132366273798,0.0002153800262772,0.0,0,0
6243662,0.0009066183136899,0.0001724610827786,0.0,0,0
6745742,0.0090661831368993,0.0009194736532819,0.0005085630743525,0,0
5678622,0.0090661831368993,0.0011463805869342,4.969319851352519e-05,0,0
3956091,0.0027198549410698,0.0004233843026035,0.0,0,0
1476651,0.0099728014505893,0.0009861560033984,7.622504537205083e-05,0,0
9566042,0.0018132366273798,0.0002153800262772,0.0,0,0
7884642,0.0027198549410698,0.0007063629273235,0.0,0,0
2014851,0.0018132366273798,0.0003039833199855,0.0,0,0
9952802,0.0081595648232094,0.0006236736736623,6.416904329789992e-05,0,0
10998792,0.0009066183136899,0.0002785783234121,0.0,0,0
5659662,0.0036264732547597,0.0002764275816158,0.0011433756805807,0,0
5697472,0.0009066183136899,0.0001724610827786,0.0,0,0
5450132,0.0018132366273798,0.0001724610827786,0.0,0,0
4952751,0.0009066183136899,0.0002457688701752,0.0,0,0
1534321,0.0009066183136899,0.0001724610827786,0.0,0,0
6269452,0.0027198549410698,0.0001724610827786,0.0,0,0
13332922,0.0063463281958295,0.0004341513935478,7.886094546711607e-05,0,0
6149912,0.0126926563916591,0.0009924568367494,0.0001681646645349,0,0
2681811,0.0018132366273798,0.000595188154157,0.0,0,0
5885472,0.0009066183136899,0.0003350683186287,0.0,0,0
6451962,0.0009066183136899,0.0004224347117576,0.0,0,0
4379101,0.0045330915684496,0.0007631979999561,0.0057168784029038,0,0
7065032,0.0018132366273798,0.0003395670852086,0.0,0,0
6109052,0.0009066183136899,0.000413061136537,0.0,0,0
4841921,0.0009066183136899,0.0001724610827786,0.0,0,0
6350182,0.0009066183136899,0.0001724610827786,0.0,0,0
760069,0.0009066183136899,0.0004218951195295,0.0,0,0
3527151,0.0018132366273798,0.000413061136537,3.703840882995666e-05,0,0
8706322,0.0009066183136899,0.0001724610827786,0.0,0,0
7305042,0.0018132366273798,0.0004128462035316,0.0,0,0
10641722,0.0009066183136899,0.0003039833199855,0.0,0,0
6236122,0.0027198549410698,0.0005374893680928,0.0,0,0
9598762,0.0018132366273798,0.0003573725447975,0.0,0,0
3037321,0.0009066183136899,0.0002764275816158,0.0,0,0
7393462,0.0009066183136899,0.0001724610827786,0.0,0,0
7593252,0.0009066183136899,0.0003190766575719,0.0,0,0
820485,0.0009066183136899,0.0001724610827786,0.0,0,0
5410072,0.0027198549410698,0.0003382106964543,5.44464609800363e-05,0,0
6016612,0.0009066183136899,0.0003163112742252,0.0,0,0
4462381,0.0009066183136899,0.0001724610827786,0.0,0,0
9035822,0.0018132366273798,0.000333700074426,0.0,0,0
2271071,0.0009066183136899,0.0001724610827786,0.0,0,0
10009292,0.0009066183136899,0.0002153800262772,0.0,0,0
6463,0.0009066183136899,0.0001724610827786,0.0,0,0
9817642,0.0009066183136899,0.0001724610827786,0.0,0,0
8409452,0.0009066183136899,0.0001724610827786,0.0,0,0
7331262,0.0009066183136899,0.0003573725447975,0.0,0,0
6089552,0.0009066183136899,0.0002874962253592,0.0,0,0
7899292,0.0009066183136899,0.0003223951629012,0.0,0,0
5736262,0.0009066183136899,0.0002153800262772,0.0,0,0
